place_id,day_of_week,open_time,close_time
1,0,00:00,00:00
1,1,00:00,00:00
1,2,00:00,00:00
1,3,00:00,00:00
1,4,00:00,00:00
1,5,00:00,00:00
1,6,00:00,00:00
2,0,00:00,23:59
2,1,00:00,23:59
2,2,00:00,23:59
2,3,00:00,23:59
2,4,00:00,23:59
2,5,00:00,23:59
2,6,00:00,23:59
3,0,00:00,23:59
3,1,00:00,23:59
3,2,00:00,23:59
3,3,00:00,23:59
3,4,00:00,23:59
3,5,00:00,23:59
3,6,00:00,23:59
4,0,00:00,23:59
4,1,00:00,23:59
4,2,00:00,23:59
4,3,00:00,23:59
4,4,00:00,23:59
4,5,00:00,23:59
4,6,00:00,23:59
5,0,00:00,23:59
5,1,00:00,23:59
5,2,00:00,23:59
5,3,00:00,23:59
5,4,00:00,23:59
5,5,00:00,23:59
5,6,00:00,23:59
6,0,00:00,23:59
6,1,00:00,23:59
6,2,00:00,23:59
6,3,00:00,23:59
6,4,00:00,23:59
6,5,00:00,23:59
6,6,00:00,23:59
7,0,09:30,22::00
7,1,09:30,23:59
7,2,09:30,23:59
7,3,09:30,23:59
7,4,09:30,23:59
7,5,10:00,23:59
7,6,10:00,23:59
8,0,07:00,18:00
8,1,07:00,18:00
8,2,07:00,18:00
8,3,07:00,18:00
8,4,07:00,18:00
8,5,07:00,18:00
8,6,08:00,15:30
9,0,08:00,15:30
9,1,08:00,15:30
9,2,08:00,15:30
9,3,08:00,15:30
9,4,08:00,15:30
9,5,08:00,15:30
9,6,08:00,15:30
10,0,08:00,22:00
10,1,08:00,22:00
10,2,08:00,22:00
10,3,08:00,22:00
10,4,08:00,22:00
10,5,08:00,22:00
10,6,08:00,22:00
11,0,00:00,23:59
11,1,00:00,23:59
11,2,00:00,23:59
11,3,00:00,23:59
11,4,00:00,23:59
11,5,00:00,23:59
11,6,00:00,23:59
12,0,10:00,22:30
12,1,10:00,22:30
12,2,10:00,22:30
12,3,10:00,22:30
12,4,10:00,22:30
12,5,10:00,22:30
12,6,10:00,22:30
13,0,10:30,21:30
13,1,10:30,21:30
13,2,10:30,21:30
13,3,10:30,21:30
13,4,10:30,21:30
13,5,10:30,21:30
13,6,10:30,21:30
14,0,06:00,21:00
14,1,06:00,21:00
14,2,06:00,21:00
14,3,06:00,21:00
14,4,06:00,21:00
14,5,06:00,21:00
14,6,06:00,21:00
15,0,00:00,23:59
15,1,00:00,23:59
15,2,00:00,23:59
15,3,00:00,23:59
15,4,00:00,23:59
15,5,00:00,23:59
15,6,00:00,23:59
16,0,07:00,23:00
16,1,07:00,23:00
16,2,07:00,23:00
16,3,07:00,23:00
16,4,07:00,23:00
16,5,07:00,23:00
16,6,07:00,23:00
17,0,09:00,14:00
17,1,09:00,14:00
17,2,09:00,14:00
17,3,09:00,14:00
17,4,09:00,14:00
17,5,09:00,14:00
17,6,09:00,14:00
18,0,08:00,21:30
18,1,08:00,21:30
18,2,08:00,21:30
18,3,08:00,21:30
18,4,08:00,21:30
18,5,08:00,21:30
18,6,08:00,21:30
19,0,06:00,22:00
19,1,06:00,22:00
19,2,06:00,22:00
19,3,06:00,22:00
19,4,06:00,22:00
19,5,06:00,22:00
19,6,06:00,22:00
20,0,06:00,23:00
20,1,06:00,23:00
20,2,06:00,23:00
20,3,06:00,23:00
20,4,06:00,23:00
20,5,06:00,23:00
20,6,06:00,23:00
21,0,07:30,23:00
21,1,07:30,23:00
21,2,07:30,23:00
21,3,07:30,23:00
21,4,07:30,23:00
21,5,07:30,23:00
21,6,07:30,23:00
22,0,09:00,17:00
22,1,12:00,23:30
22,2,12:00,23:30
22,3,12:00,23:30
22,4,12:00,23:30
22,5,12:00,23:30
22,6,12:00,23:59
23,0,00:00,23:59
23,1,00:00,23:59
23,2,00:00,23:59
23,3,00:00,23:59
23,4,00:00,23:59
23,5,00:00,23:59
23,6,00:00,23:59
24,0,10:00,21:00
24,1,10:00,21:00
24,2,10:00,21:00
24,3,10:00,21:00
24,4,10:00,21:00
24,5,10:00,21:00
24,6,10:00,21:00
25,0,00:00,23:59
25,1,00:00,23:59
25,2,00:00,23:59
25,3,00:00,23:59
25,4,00:00,23:59
25,5,00:00,23:59
25,6,00:00,23:59
26,0,16:00,04:00
26,1,16:00,04:00
26,2,16:00,04:00
26,3,16:00,04:00
26,4,16:00,04:00
26,5,16:00,04:00
26,6,16:00,04:00
27,0,11:00,22:15
27,1,11:00,22:15
27,2,11:00,22:15
27,3,11:00,22:15
27,4,11:00,22:15
27,5,11:00,22:15
27,6,11:00,22:15
28,0,10:00,22:00
28,1,10:00,22:00
28,2,10:00,22:00
28,3,10:00,22:00
28,4,10:00,22:00
28,5,10:00,22:00
28,6,10:00,22:00
29,0,08:00,22:30
29,1,08:00,22:30
29,2,08:00,22:30
29,3,08:00,22:30
29,4,08:00,22:30
29,5,08:00,22:30
29,6,08:00,22:30
30,0,17:00,04:00
30,1,17:00,04:00
30,2,17:00,04:00
30,3,17:00,04:00
30,4,17:00,04:00
30,5,17:00,04:00
30,6,00:00,00:00
31,0,17:00,01:00
31,1,17:00,01:00
31,2,17:00,01:00
31,3,17:00,01:00
31,4,17:00,01:00
31,5,17:00,01:00
31,6,00:00,00:00
32,0,16:00,01:00
32,1,16:00,01:00
32,2,16:00,01:00
32,3,16:00,01:00
32,4,16:00,02:00
32,5,16:00,02:00
32,6,13:00,01:00
33,0,09:00,00:00
33,1,09:00,23:59
33,2,09:00,23:59
33,3,09:00,23:59
33,4,09:00,23:59
33,5,09:00,23:59
33,6,09:00,23:59
34,0,10:30,22:00
34,1,10:30,22:00
34,2,10:30,22:00
34,3,10:30,22:00
34,4,10:30,22:00
34,5,10:30,22:00
34,6,10:30,22:00
35,0,09:00,22:00
35,1,09:00,22:00
35,2,09:00,22:00
35,3,09:00,22:00
35,4,09:00,22:00
35,5,09:00,22:00
35,6,09:00,22:00
36,0,07:00,22:00
36,1,07:00,22:00
36,2,07:00,22:00
36,3,07:00,22:00
36,4,07:00,23:00
36,5,07:00,22:00
36,6,07:00,22:00
37,0,12:00,03:00
37,1,12:00,03:00
37,2,12:00,03:00
37,3,12:00,03:00
37,4,12:00,03:00
37,5,12:00,03:00
37,6,12:00,03:00
38,0,12:00,03:00
38,1,12:00,03:00
38,2,12:00,03:00
38,3,12:00,03:00
38,4,12:00,03:00
38,5,12:00,03:00
38,6,12:00,03:00
39,0,10:00,22:30
39,1,10:00,22:30
39,2,10:00,22:30
39,3,10:00,22:30
39,4,10:00,22:30
39,5,10:00,22:30
39,6,10:00,22:30
40,0,07:00,17:30
40,1,07:00,17:30
40,2,07:00,17:30
40,3,07:00,17:30
40,4,07:00,17:30
40,5,07:00,17:30
40,6,07:00,17:30
41,0,07:00,22:00
41,1,07:00,22:00
41,2,07:00,22:00
41,3,07:00,22:00
41,4,07:00,22:00
41,5,07:00,22:00
41,6,07:00,22:00
42,0,08:00,17:00
42,1,08:00,17:00
42,2,08:00,17:00
42,3,08:00,17:00
42,4,08:00,17:00
42,5,08:00,17:00
42,6,08:00,17:00
43,0,00:00,23:59
43,1,00:00,23:59
43,2,00:00,23:59
43,3,00:00,23:59
43,4,00:00,23:59
43,5,00:00,23:59
43,6,00:00,23:59
44,0,07:00,19:00
44,1,07:00,19:00
44,2,07:00,19:00
44,3,07:00,19:00
44,4,07:00,19:00
44,5,07:00,19:00
44,6,07:00,19:00
45,0,06:00,17:00
45,1,06:00,17:00
45,2,06:00,17:00
45,3,06:00,17:00
45,4,06:00,17:00
45,5,06:00,17:00
45,6,06:00,17:00
46,0,00:00,23:59
46,1,00:00,23:59
46,2,00:00,23:59
46,3,00:00,23:59
46,4,00:00,23:59
46,5,00:00,23:59
46,6,00:00,23:59
47,0,07:00,17:00
47,1,07:00,17:00
47,2,07:00,17:00
47,3,07:00,17:00
47,4,07:00,17:00
47,5,07:00,17:00
47,6,07:00,17:00
48,0,06:00,17:30
48,1,06:00,17:30
48,2,06:00,17:30
48,3,06:00,17:30
48,4,06:00,17:30
48,5,06:00,17:30
48,6,06:00,17:30
49,0,09:00,18:00
49,1,09:00,18:00
49,2,09:00,18:00
49,3,09:00,18:00
49,4,09:00,18:00
49,5,00:00,00:00
49,6,00:00,00:00
50,0,07:00,23:59
50,1,07:00,23:59
50,2,07:00,23:59
50,3,07:00,23:59
50,4,07:00,23:59
50,5,07:00,20:00
50,6,07:00,20:00
51,0,09:00,23:00
51,1,09:00,23:00
51,2,09:00,23:00
51,3,09:00,23:00
51,4,09:00,23:00
51,5,09:00,23:00
51,6,17:00,23:00
52,0,07:00,22:00
52,1,07:00,22:00
52,2,07:00,22:00
52,3,07:00,22:00
52,4,07:00,22:00
52,5,07:00,22:00
52,6,07:00,22:00
53,0,00:00,23:59
53,1,00:00,23:59
53,2,00:00,23:59
53,3,00:00,23:59
53,4,00:00,23:59
53,5,00:00,23:59
53,6,00:00,23:59
54,0,07:00,23:00
54,1,07:00,23:00
54,2,07:00,23:00
54,3,07:00,23:00
54,4,07:00,23:00
54,5,07:00,23:00
54,6,07:00,23:00
55,0,07:00,22:30
55,1,07:00,22:30
55,2,07:00,22:30
55,3,07:00,22:30
55,4,07:00,22:30
55,5,07:00,22:30
55,6,07:00,22:30
56,0,07:00,18:00
56,1,07:00,18:00
56,2,07:00,18:00
56,3,07:00,18:00
56,4,07:00,18:00
56,5,07:00,18:00
56,6,07:00,18:00
57,0,06:00,22:00
57,1,06:00,22:00
57,2,06:00,22:00
57,3,06:00,22:00
57,4,06:00,22:00
57,5,06:00,22:00
57,6,06:00,22:00
58,0,06:00,18:00
58,1,06:00,18:00
58,2,06:00,18:00
58,3,06:00,18:00
58,4,06:00,18:00
58,5,06:00,18:00
58,6,06:00,18:00
59,0,06:00,18:00
59,1,06:00,18:00
59,2,06:00,18:00
59,3,06:00,18:00
59,4,06:00,18:00
59,5,06:00,18:00
59,6,06:00,18:00
60,0,06:00,21:00
60,1,06:00,21:00
60,2,06:00,21:00
60,3,06:00,21:00
60,4,06:00,21:00
60,5,06:00,21:00
60,6,06:00,21:00
61,0,07:00,23:00
61,1,07:00,23:00
61,2,07:00,23:00
61,3,07:00,23:00
61,4,07:00,23:00
61,5,07:00,23:00
61,6,07:00,23:00
62,0,00:00,23:59
62,1,00:00,23:59
62,2,00:00,23:59
62,3,00:00,23:59
62,4,00:00,23:59
62,5,00:00,23:59
62,6,00:00,23:59
63,0,06:30,23:59
63,1,06:30,22:00
63,2,06:30,22:00
63,3,06:30,22:00
63,4,06:30,22:00
63,5,06:30,22:00
63,6,06:30,22:00
64,0,07:00,22:00
64,1,07:00,22:00
64,2,07:00,22:00
64,3,07:00,22:00
64,4,07:00,22:00
64,5,07:00,22:00
64,6,07:00,22:00
65,0,07:00,22:30
65,1,07:00,22:30
65,2,07:00,22:30
65,3,07:00,22:30
65,4,07:00,22:30
65,5,07:00,22:30
65,6,07:00,22:30
66,0,08:00,22:30
66,1,08:00,22:30
66,2,08:00,22:30
66,3,08:00,22:30
66,4,08:00,22:30
66,5,08:00,22:30
66,6,08:00,22:30
67,0,09:30,22:30
67,1,09:30,22:30
67,2,09:30,22:30
67,3,09:30,22:30
67,4,09:30,22:30
67,5,09:30,22:30
67,6,09:30,22:30
68,0,07:30,21:00
68,1,07:30,21:00
68,2,07:30,21:00
68,3,07:30,21:00
68,4,07:30,21:00
68,5,07:30,21:00
68,6,07:30,21:00
69,0,06:00,22:30
69,1,06:00,22:30
69,2,06:00,22:30
69,3,06:00,22:30
69,4,06:00,22:30
69,5,06:00,22:30
69,6,06:00,22:30
70,0,17:00,22:00
70,1,17:00,22:00
70,2,17:00,22:00
70,3,17:00,22:00
70,4,17:00,22:00
70,5,17:00,22:00
70,6,17:00,22:00
71,0,07:00,23:00
71,1,07:00,23:00
71,2,07:00,23:00
71,3,07:00,23:00
71,4,07:00,23:00
71,5,07:00,23:00
71,6,07:00,23:00
72,0,07:00,23:00
72,1,07:00,23:00
72,2,07:00,23:00
72,3,07:00,23:00
72,4,07:00,23:00
72,5,07:00,23:00
72,6,07:00,23:00
73,0,07:00,22:45
73,1,07:00,22:45
73,2,07:00,22:45
73,3,07:00,22:45
73,4,07:00,22:45
73,5,07:00,22:45
73,6,07:00,22:45
74,0,06:00,21:00
74,1,06:00,21:00
74,2,06:00,21:00
74,3,06:00,21:00
74,4,06:00,21:00
74,5,06:00,21:00
74,6,06:00,21:00
75,0,00:00,23:59
75,1,00:00,23:59
75,2,00:00,23:59
75,3,00:00,23:59
75,4,00:00,23:59
75,5,00:00,23:59
75,6,00:00,23:59
76,0,07:00,22:00
76,1,07:00,22:00
76,2,07:00,22:00
76,3,07:00,22:00
76,4,07:00,22:00
76,5,07:00,22:00
76,6,07:00,22:00
77,0,08:00,22:00
77,1,08:00,22:00
77,2,08:00,22:00
77,3,08:00,22:00
77,4,08:00,22:00
77,5,08:00,22:00
77,6,08:00,22:00
78,0,00:00,23:59
78,1,00:00,23:59
78,2,00:00,23:59
78,3,00:00,23:59
78,4,00:00,23:59
78,5,00:00,23:59
78,6,00:00,23:59
79,0,08:30,22:00
79,1,08:30,22:00
79,2,08:30,22:00
79,3,08:30,22:00
79,4,08:30,22:00
79,5,08:30,22:00
79,6,08:30,22:00
80,0,07:00,22:30
80,1,07:00,22:30
80,2,07:00,22:30
80,3,07:00,22:30
80,4,07:00,22:30
80,5,07:00,22:30
80,6,07:00,22:30
81,0,07:00,21:00
81,1,07:00,21:00
81,2,07:00,21:00
81,3,07:00,21:00
81,4,07:00,21:00
81,5,07:00,21:00
81,6,07:00,21:00
82,0,00:00,23:59
82,1,00:00,23:59
82,2,00:00,23:59
82,3,00:00,23:59
82,4,00:00,23:59
82,5,00:00,23:59
82,6,00:00,23:59
83,0,00:00,23:59
83,1,00:00,23:59
83,2,00:00,23:59
83,3,00:00,23:59
83,4,00:00,23:59
83,5,00:00,23:59
83,6,00:00,23:59
84,0,13:00,21:00
84,1,13:00,21:00
84,2,13:00,21:00
84,3,13:00,21:00
84,4,13:00,21:00
84,5,09:00,21:00
84,6,09:00,21:00
85,0,00:00,23:59
85,1,00:00,23:59
85,2,00:00,23:59
85,3,00:00,23:59
85,4,00:00,23:59
85,5,00:00,23:59
85,6,00:00,23:59
86,0,07:30,21:30
86,1,07:30,21:30
86,2,07:30,21:30
86,3,07:30,21:30
86,4,07:30,21:30
86,5,07:30,21:30
86,6,07:30,21:30
87,0,10:00,22:00
87,1,10:00,22:00
87,2,10:00,22:00
87,3,10:00,22:00
87,4,10:00,22:00
87,5,10:00,22:00
87,6,10:00,22:00
88,0,00:00,23:59
88,1,00:00,23:59
88,2,00:00,23:59
88,3,00:00,23:59
88,4,00:00,23:59
88,5,00:00,23:59
88,6,00:00,23:59
89,0,06:00,18:00
89,1,06:00,18:00
89,2,06:00,18:00
89,3,06:00,18:00
89,4,06:00,18:00
89,5,06:00,18:00
89,6,06:00,18:00
90,0,09:30,22:00
90,1,09:30,22:00
90,2,09:30,22:00
90,3,09:30,22:00
90,4,09:30,22:00
90,5,09:30,22:00
90,6,09:30,22:00
91,0,00:00,23:59
91,1,00:00,23:59
91,2,00:00,23:59
91,3,00:00,23:59
91,4,00:00,23:59
91,5,00:00,23:59
91,6,00:00,23:59
92,0,00:00,23:59
92,1,00:00,23:59
92,2,00:00,23:59
92,3,00:00,23:59
92,4,00:00,23:59
92,5,00:00,23:59
92,6,00:00,23:59
93,0,00:00,23:59
93,1,00:00,23:59
93,2,00:00,23:59
93,3,00:00,23:59
93,4,00:00,23:59
93,5,00:00,23:59
93,6,00:00,23:59
94,0,00:00,23:59
94,1,00:00,23:59
94,2,00:00,23:59
94,3,00:00,23:59
94,4,00:00,23:59
94,5,00:00,23:59
94,6,00:00,23:59
95,0,00:00,23:59
95,1,00:00,23:59
95,2,00:00,23:59
95,3,00:00,23:59
95,4,00:00,23:59
95,5,00:00,23:59
95,6,00:00,23:59
96,0,09:00,23:59
96,1,09:00,23:59
96,2,09:00,23:59
96,3,09:00,23:59
96,4,09:00,23:59
96,5,07:30,23:59
96,6,07:30,23:59
97,0,00:00,23:59
97,1,00:00,23:59
97,2,00:00,23:59
97,3,00:00,23:59
97,4,00:00,23:59
97,5,00:00,23:59
97,6,00:00,23:59
98,0,09:30,22:30
98,1,09:30,22:30
98,2,09:30,22:30
98,3,09:30,22:30
98,4,09:30,22:30
98,5,09:30,22:30
98,6,09:30,22:30
99,0,08:00,22:30
99,1,08:00,22:30
99,2,08:00,22:30
99,3,08:00,22:30
99,4,08:00,22:30
99,5,08:00,22:30
99,6,08:00,22:30
100,0,00:00,23:59
100,1,00:00,23:59
100,2,00:00,23:59
100,3,00:00,23:59
100,4,00:00,23:59
100,5,00:00,23:59
100,6,00:00,23:59
101,0,10:30,22:30
101,1,10:30,22:30
101,2,10:30,22:30
101,3,10:30,22:30
101,4,10:30,22:30
101,5,10:30,22:30
101,6,10:30,22:30
102,0,09:00,22:30
102,1,09:00,22:30
102,2,09:00,22:30
102,3,09:00,22:30
102,4,09:00,22:30
102,5,09:00,22:30
102,6,09:00,22:30
103,0,11:00,22:00
103,1,11:00,22:00
103,2,11:00,22:00
103,3,11:00,22:00
103,4,11:00,22:00
103,5,11:00,22:00
103,6,11:00,22:00
104,0,07:30,22:00
104,1,07:30,22:00
104,2,07:30,22:00
104,3,07:30,22:00
104,4,07:30,22:00
104,5,07:30,22:00
104,6,07:30,22:00
105,0,11:00,22:00
105,1,11:00,22:00
105,2,11:00,22:00
105,3,11:00,22:00
105,4,11:00,22:00
105,5,11:00,22:00
105,6,11:00,22:00
106,0,11:30,22:30
106,1,11:30,22:30
106,2,11:30,22:30
106,3,11:30,22:30
106,4,11:30,22:30
106,5,11:30,22:30
106,6,11:30,22:30
107,0,08:00,21:00
107,1,08:00,21:00
107,2,08:00,21:00
107,3,08:00,21:00
107,4,08:00,21:00
107,5,08:00,21:00
107,6,08:00,21:00
108,0,06:30,15:30
108,1,06:30,15:30
108,2,06:30,15:30
108,3,06:30,15:30
108,4,06:30,15:30
108,5,06:30,15:30
108,6,06:30,15:30
109,0,07:00,22:00
109,1,07:00,22:00
109,2,07:00,22:00
109,3,07:00,22:00
109,4,07:00,22:00
109,5,07:00,22:00
109,6,07:00,22:00
110,0,07:30,23:00
110,1,07:30,23:00
110,2,07:30,23:00
110,3,07:30,23:00
110,4,07:30,23:00
110,5,07:30,23:00
110,6,07:30,23:00
111,0,09:00,23:00
111,1,09:00,23:00
111,2,09:00,23:00
111,3,09:00,23:00
111,4,09:00,23:00
111,5,09:00,23:00
111,6,09:00,23:00
112,0,10:00,23:00
112,1,10:00,23:00
112,2,10:00,23:00
112,3,10:00,23:00
112,4,10:00,23:00
112,5,10:00,23:00
112,6,10:00,23:00
113,0,17:00,01:00
113,1,17:00,01:00
113,2,17:00,01:00
113,3,17:00,01:00
113,4,17:00,01:00
113,5,17:00,01:00
113,6,17:00,01:00
114,0,16:00,01:00
114,1,16:00,01:00
114,2,16:00,01:00
114,3,16:00,01:00
114,4,16:00,01:00
114,5,16:00,01:00
114,6,16:00,01:00
115,0,17:30,01:30
115,1,17:30,01:30
115,2,17:30,01:30
115,3,17:30,01:30
115,4,17:30,01:30
115,5,17:30,01:30
115,6,17:30,01:30
116,0,10:00,22:30
116,1,10:00,22:30
116,2,10:00,22:30
116,3,10:00,22:30
116,4,10:00,22:30
116,5,10:00,22:30
116,6,10:00,22:30
117,0,11:00,22:30
117,1,11:00,22:30
117,2,11:00,22:30
117,3,11:00,22:30
117,4,11:00,22:30
117,5,11:00,22:30
117,6,11:00,22:30
118,0,08:00,02:00
118,1,08:00,02:00
118,2,08:00,02:00
118,3,08:00,02:00
118,4,08:00,02:00
118,5,08:00,02:00
118,6,08:00,02:00
119,0,08:00,23:00
119,1,08:00,23:00
119,2,08:00,23:00
119,3,08:00,23:00
119,4,08:00,23:00
119,5,08:00,23:00
119,6,08:00,23:00
120,0,07:30,20:00
120,1,07:30,20:00
120,2,07:30,20:00
120,3,07:30,20:00
120,4,07:30,20:00
120,5,07:30,20:00
120,6,07:30,20:00
121,0,10:30,21:00
121,1,10:30,21:00
121,2,10:30,21:00
121,3,10:30,21:00
121,4,10:30,21:00
121,5,10:30,21:00
121,6,10:30,21:00
122,0,11:00,22:00
122,1,11:00,22:00
122,2,11:00,22:00
122,3,11:00,22:00
122,4,11:00,22:00
122,5,11:00,22:00
122,6,11:00,22:00
123,0,10:00,22:00
123,1,10:00,22:00
123,2,10:00,22:00
123,3,10:00,22:00
123,4,10:00,22:00
123,5,10:00,22:00
123,6,10:00,22:00
124,0,11:00,23:00
124,1,11:00,23:00
124,2,11:00,23:00
124,3,11:00,23:00
124,4,11:00,23:00
124,5,11:00,23:00
124,6,11:00,23:00
125,0,10:30,22:00
125,1,10:30,22:00
125,2,10:30,22:00
125,3,10:30,22:00
125,4,10:30,22:00
125,5,10:30,22:00
125,6,10:30,22:00
126,0,11:00,23:59
126,1,11:00,23:59
126,2,11:00,23:59
126,3,11:00,23:59
126,4,11:00,23:59
126,5,11:00,23:59
126,6,11:00,23:59
127,0,10:00,04:00
127,1,10:00,04:00
127,2,10:00,04:00
127,3,10:00,04:00
127,4,10:00,04:00
127,5,10:00,04:00
127,6,10:00,04:00
128,0,10:00,22:00
128,1,10:00,22:00
128,2,10:00,22:00
128,3,10:00,22:00
128,4,10:00,22:00
128,5,10:00,22:00
128,6,10:00,22:00
129,0,10:30,22:00
129,1,10:30,22:00
129,2,10:30,22:00
129,3,10:30,22:00
129,4,10:30,22:00
129,5,10:30,22:00
129,6,10:30,22:00
130,0,10:00,22:00
130,1,10:00,22:00
130,2,10:00,22:00
130,3,10:00,22:00
130,4,10:00,22:00
130,5,10:00,22:00
130,6,10:00,22:00
131,0,10:30,22:00
131,1,10:30,22:00
131,2,10:30,22:00
131,3,10:30,22:00
131,4,10:30,22:00
131,5,10:30,20:30
131,6,10:30,20:30
132,0,00:00,23:59
132,1,00:00,23:59
132,2,00:00,23:59
132,3,00:00,23:59
132,4,00:00,23:59
132,5,00:00,23:59
132,6,00:00,23:59
133,0,10:30,22:00
133,1,10:30,22:00
133,2,10:30,22:00
133,3,10:30,22:00
133,4,10:30,22:00
133,5,10:30,22:00
133,6,10:30,22:00
134,0,06:00,23:59
134,1,06:00,23:59
134,2,06:00,23:59
134,3,06:00,23:59
134,4,06:00,23:59
134,5,06:00,23:59
134,6,06:00,23:59
135,0,16:00,23:00
135,1,16:00,23:00
135,2,16:00,23:00
135,3,16:00,23:00
135,4,16:00,23:00
135,5,16:00,23:00
135,6,16:00,23:00
136,0,18:00,23:00
136,1,18:00,23:00
136,2,18:00,23:00
136,3,18:00,23:00
136,4,18:00,23:00
136,5,18:00,23:00
136,6,18:00,23:00
137,0,09:00,23:30
137,1,09:00,23:30
137,2,09:00,23:30
137,3,09:00,23:30
137,4,09:00,23:30
137,5,09:00,23:30
137,6,09:00,23:30
138,0,10:00,22:30
138,1,10:00,22:30
138,2,10:00,22:30
138,3,10:00,22:30
138,4,10:00,22:30
138,5,10:00,22:30
138,6,10:00,22:30
139,0,06:00,22:00
139,1,06:00,22:00
139,2,06:00,22:00
139,3,06:00,22:00
139,4,06:00,22:00
139,5,06:00,22:00
139,6,06:00,22:00
140,0,06:00,21:30
140,1,06:00,21:30
140,2,06:00,21:30
140,3,06:00,21:30
140,4,06:00,21:30
140,5,06:00,21:30
140,6,06:00,21:30
141,0,09:00,23:30
141,1,09:00,23:30
141,2,09:00,23:30
141,3,09:00,23:30
141,4,09:00,23:30
141,5,09:00,23:30
141,6,09:00,23:30
142,0,18:00,22:00
142,1,18:00,22:00
142,2,18:00,22:00
142,3,18:00,22:00
142,4,18:00,22:00
142,5,18:00,22:00
142,6,18:00,22:00
143,0,10:00,22:00
143,1,10:00,22:00
143,2,10:00,22:00
143,3,10:00,22:00
143,4,10:00,22:00
143,5,10:00,22:00
143,6,10:00,22:00
144,0,10:30,22:00
144,1,10:30,22:00
144,2,10:30,22:00
144,3,10:30,22:00
144,4,10:30,22:00
144,5,10:30,22:00
144,6,10:30,22:00
145,0,11:30,22:00
145,1,11:30,22:00
145,2,11:30,22:00
145,3,11:30,22:00
145,4,11:30,22:00
145,5,11:30,22:00
145,6,11:30,22:00
146,0,10:00,21:00
146,1,10:00,21:00
146,2,10:00,21:00
146,3,10:00,21:00
146,4,10:00,21:00
146,5,10:00,21:00
146,6,10:00,21:00
147,0,10:00,21:00
147,1,10:00,21:00
147,2,10:00,21:00
147,3,10:00,21:00
147,4,10:00,21:00
147,5,10:00,21:00
147,6,10:00,21:00
148,0,11:00,22:00
148,1,11:00,22:00
148,2,11:00,22:00
148,3,11:00,22:00
148,4,11:00,22:00
148,5,11:00,22:00
148,6,11:00,22:00
149,0,11:00,23:00
149,1,11:00,23:00
149,2,11:00,23:00
149,3,11:00,23:00
149,4,11:00,23:59
149,5,11:00,23:59
149,6,11:00,23:59
150,0,14:00,23:59
150,1,14:00,23:59
150,2,14:00,23:59
150,3,14:00,23:59
150,4,14:00,23:59
150,5,14:00,23:59
150,6,14:00,23:59
151,0,00:00,23:59
151,1,00:00,23:59
151,2,00:00,23:59
151,3,00:00,23:59
151,4,00:00,23:59
151,5,00:00,23:59
151,6,00:00,23:59
152,0,10:00,21:00
152,1,10:00,21:00
152,2,10:00,21:00
152,3,10:00,21:00
152,4,10:00,21:00
152,5,10:00,21:00
152,6,10:00,21:00
153,0,07:00,13:00
153,1,07:00,13:00
153,2,07:00,13:00
153,3,07:00,13:00
153,4,07:00,13:00
153,5,07:00,13:00
153,6,07:00,13:00
154,0,06:30,21:00
154,1,06:30,21:00
154,2,06:30,21:00
154,3,06:30,21:00
154,4,06:30,21:00
154,5,06:30,21:00
154,6,06:30,21:00
155,0,08:30,23:30
155,1,08:30,23:30
155,2,08:30,23:30
155,3,08:30,23:30
155,4,08:30,23:30
155,5,08:30,23:30
155,6,08:30,23:30
156,0,08:30,22:00
156,1,08:30,22:00
156,2,08:30,22:00
156,3,08:30,22:00
156,4,08:30,22:00
156,5,08:30,22:00
156,6,08:30,22:00
157,0,10:00,23:30
157,1,10:00,23:30
157,2,10:00,23:30
157,3,10:00,23:30
157,4,10:00,23:30
157,5,10:00,23:30
157,6,10:00,23:30
158,0,07:30,17:00
158,1,07:30,17:00
158,2,07:30,17:00
158,3,07:30,17:00
158,4,07:30,17:00
158,5,07:30,17:00
158,6,07:30,17:00
159,0,07:00,22:00
159,1,07:00,22:00
159,2,07:00,22:00
159,3,07:00,22:00
159,4,07:00,22:00
159,5,07:00,22:00
159,6,07:00,22:00
160,0,00:00,23:59
160,1,00:00,23:59
160,2,00:00,23:59
160,3,00:00,23:59
160,4,00:00,23:59
160,5,00:00,23:59
160,6,00:00,23:59
161,0,16:00,23:00
161,1,16:00,23:00
161,2,16:00,23:00
161,3,16:00,23:00
161,4,16:00,23:00
161,5,16:00,23:00
161,6,16:00,23:00
162,0,16:00,20:30
162,1,16:00,20:30
162,2,16:00,20:30
162,3,16:00,20:30
162,4,16:00,20:30
162,5,16:00,20:30
162,6,16:00,20:30
163,0,16:00,23:00
163,1,16:00,23:00
163,2,16:00,23:00
163,3,16:00,23:00
163,4,16:00,23:00
163,5,16:00,23:00
163,6,16:00,23:00
164,0,12:00,20:00
164,1,12:00,20:00
164,2,12:00,20:00
164,3,12:00,20:00
164,4,12:00,20:00
164,5,12:00,20:00
164,6,12:00,20:00
165,0,15:30,22:30
165,1,15:30,22:30
165,2,15:30,22:30
165,3,15:30,22:30
165,4,15:30,22:30
165,5,15:30,22:30
165,6,15:30,22:30
166,0,00:00,23:59
166,1,00:00,23:59
166,2,00:00,23:59
166,3,00:00,23:59
166,4,00:00,23:59
166,5,00:00,23:59
166,6,00:00,23:59
167,0,00:00,23:59
167,1,00:00,23:59
167,2,00:00,23:59
167,3,00:00,23:59
167,4,00:00,23:59
167,5,00:00,23:59
167,6,00:00,23:59
168,0,10:00,22:30
168,1,10:00,22:30
168,2,10:00,22:30
168,3,10:00,22:30
168,4,10:00,22:30
168,5,10:00,22:30
168,6,10:00,22:30
169,0,06:00,13:30
169,1,06:00,13:30
169,2,06:00,13:30
169,3,06:00,13:30
169,4,06:00,13:30
169,5,06:00,13:30
169,6,06:00,13:30
170,0,00:00,23:59
170,1,00:00,23:59
170,2,00:00,23:59
170,3,00:00,23:59
170,4,00:00,23:59
170,5,00:00,23:59
170,6,00:00,23:59
171,0,07:00,21:00
171,1,07:00,21:00
171,2,07:00,21:00
171,3,07:00,21:00
171,4,07:00,21:00
171,5,07:00,21:00
171,6,07:00,21:00
172,0,00:00,23:59
172,1,00:00,23:59
172,2,00:00,23:59
172,3,00:00,23:59
172,4,00:00,23:59
172,5,00:00,23:59
172,6,00:00,23:59
173,0,00:00,23:59
173,1,00:00,23:59
173,2,00:00,23:59
173,3,00:00,23:59
173,4,00:00,23:59
173,5,00:00,23:59
173,6,00:00,23:59
174,0,06:00,22:00
174,1,06:00,22:00
174,2,06:00,22:00
174,3,06:00,22:00
174,4,06:00,22:00
174,5,06:00,22:00
174,6,06:00,22:00
175,0,05:30,12:00
175,1,05:30,12:00
175,2,05:30,12:00
175,3,05:30,12:00
175,4,05:30,12:00
175,5,05:30,12:00
175,6,05:30,12:00
176,0,00:00,23:59
176,1,00:00,23:59
176,2,00:00,23:59
176,3,00:00,23:59
176,4,00:00,23:59
176,5,00:00,23:59
176,6,00:00,23:59
177,0,00:00,00:00
177,1,12:00,21:00
177,2,12:00,21:00
177,3,12:00,21:00
177,4,12:00,21:00
177,5,12:00,21:00
177,6,12:00,21:00
178,0,06:00,09:00
178,1,06:00,09:00
178,2,06:00,09:00
178,3,06:00,09:00
178,4,06:00,09:00
178,5,06:00,09:00
178,6,00:00,00:00
179,0,06:30,17:30
179,1,06:30,17:30
179,2,06:30,17:30
179,3,06:30,17:30
179,4,06:30,17:30
179,5,06:30,17:30
179,6,06:30,17:30
180,0,09:00,17:00
180,1,09:00,17:00
180,2,09:00,17:00
180,3,09:00,17:00
180,4,09:00,17:00
180,5,09:00,17:00
180,6,09:00,17:00
181,0,00:00,23:59
181,1,00:00,23:59
181,2,00:00,23:59
181,3,00:00,23:59
181,4,00:00,23:59
181,5,00:00,23:59
181,6,00:00,23:59
182,0,05:30,11:00
182,1,05:30,11:00
182,2,05:30,11:00
182,3,05:30,11:00
182,4,05:30,11:00
182,5,05:30,11:00
182,6,05:30,11:00
183,0,09:00,17:00
183,1,09:00,17:00
183,2,09:00,17:00
183,3,09:00,17:00
183,4,09:00,17:00
183,5,09:00,17:00
183,6,09:00,17:00
184,0,09:00,18:00
184,1,09:00,18:00
184,2,09:00,18:00
184,3,09:00,18:00
184,4,09:00,18:00
184,5,09:00,18:00
184,6,09:00,18:00
185,0,06:00,22:30
185,1,06:00,22:30
185,2,06:00,22:30
185,3,06:00,22:30
185,4,06:00,22:30
185,5,06:00,22:30
185,6,06:00,22:30
186,0,11:30,18:00
186,1,11:30,18:00
186,2,11:30,18:00
186,3,11:30,18:00
186,4,11:30,18:00
186,5,00:00,00:00
186,6,00:00,00:00
187,0,06:00,11:30
187,1,06:00,11:30
187,2,06:00,11:30
187,3,06:00,11:30
187,4,07:00,21:00
187,5,06:00,11:30
187,6,07:00,21:00
188,0,06:30,21:00
188,1,06:30,21:00
188,2,06:30,21:00
188,3,06:30,21:00
188,4,06:30,21:00
188,5,06:30,21:00
188,6,06:30,21:00
189,0,17:00,22:00
189,1,17:00,22:00
189,2,17:00,22:00
189,3,17:00,22:00
189,4,17:00,22:00
189,5,17:00,22:00
189,6,17:00,22:00
190,0,13:30,18:30
190,1,13:30,18:30
190,2,13:30,18:30
190,3,13:30,18:30
190,4,13:30,18:30
190,5,13:30,18:30
190,6,13:30,18:30
191,0,21:00,23:45
191,1,21:00,23:45
191,2,21:00,23:45
191,3,21:00,23:45
191,4,21:00,23:45
191,5,21:00,23:45
191,6,21:00,23:45
192,0,00:00,23:59
192,1,00:00,23:59
192,2,00:00,23:59
192,3,00:00,23:59
192,4,00:00,23:59
192,5,00:00,23:59
192,6,00:00,23:59
193,0,07:00,21:00
193,1,07:00,21:00
193,2,07:00,21:00
193,3,07:00,21:00
193,4,07:00,21:00
193,5,07:00,21:00
193,6,07:00,21:00
194,0,06:00,10:00
194,1,06:00,10:00
194,2,06:00,10:00
194,3,06:00,10:00
194,4,06:00,10:00
194,5,06:00,10:00
194,6,00:00,00:00
195,0,06:30,22:00
195,1,06:30,22:00
195,2,06:30,22:00
195,3,06:30,22:00
195,4,06:30,22:00
195,5,06:30,22:00
195,6,06:30,22:00
196,0,06:00,21:00
196,1,06:00,21:00
196,2,06:00,21:00
196,3,06:00,21:00
196,4,06:00,21:00
196,5,06:00,21:00
196,6,06:00,21:00
197,0,07:00,22:00
197,1,07:00,22:00
197,2,07:00,22:00
197,3,07:00,22:00
197,4,07:00,22:00
197,5,07:00,22:00
197,6,07:00,22:00
198,0,00:00,23:59
198,1,00:00,23:59
198,2,00:00,23:59
198,3,00:00,23:59
198,4,00:00,23:59
198,5,00:00,23:59
198,6,00:00,23:59
199,0,00:00,23:59
199,1,00:00,23:59
199,2,00:00,23:59
199,3,00:00,23:59
199,4,00:00,23:59
199,5,00:00,23:59
199,6,00:00,23:59
200,0,00:00,23:59
200,1,00:00,23:59
200,2,00:00,23:59
200,3,00:00,23:59
200,4,00:00,23:59
200,5,00:00,23:59
200,6,00:00,23:59
201,0,17:30,20:45
201,1,17:30,20:45
201,2,00:00,00:00
201,3,17:30,20:45
201,4,17:30,20:45
201,5,17:30,20:45
201,6,17:30,20:45
202,0,00:00,00:00
202,1,07:30,17:00
202,2,07:30,17:00
202,3,07:30,17:00
202,4,07:30,17:00
202,5,07:30,17:00
202,6,07:30,17:00
203,0,00:00,23:59
203,1,00:00,23:59
203,2,00:00,23:59
203,3,00:00,23:59
203,4,00:00,23:59
203,5,00:00,23:59
203,6,00:00,23:59
204,0,10:00,22:00
204,1,10:00,22:00
204,2,10:00,22:00
204,3,10:00,22:00
204,4,10:00,22:00
204,5,10:00,22:00
204,6,10:00,22:00
205,0,00:00,23:59
205,1,00:00,23:59
205,2,00:00,23:59
205,3,00:00,23:59
205,4,00:00,23:59
205,5,00:00,23:59
205,6,00:00,23:59
206,0,07:00,22:00
206,1,07:00,22:00
206,2,07:00,22:00
206,3,07:00,22:00
206,4,07:00,22:00
206,5,07:00,22:00
206,6,07:00,22:00
207,0,07:00,22:00
207,1,07:00,21:30
207,2,07:00,21:30
207,3,07:00,21:30
207,4,07:00,22:00
207,5,07:00,22:00
207,6,07:00,22:00
208,0,06:30,22:30
208,1,06:30,22:30
208,2,06:30,22:30
208,3,06:30,22:30
208,4,06:30,22:30
208,5,06:30,22:30
208,6,06:30,22:30
209,0,07:00,22:30
209,1,07:00,22:30
209,2,07:00,22:30
209,3,07:00,22:30
209,4,07:00,22:30
209,5,07:00,22:30
209,6,07:00,22:30
210,0,08:00,20:30
210,1,08:00,20:30
210,2,08:00,20:30
210,3,08:00,20:30
210,4,08:00,20:30
210,5,08:00,20:30
210,6,08:00,20:30
211,0,07:00,22:00
211,1,07:00,22:00
211,2,07:00,22:00
211,3,07:00,22:00
211,4,07:00,22:00
211,5,07:00,22:00
211,6,07:00,22:00
212,0,09:00,22:30
212,1,09:00,22:30
212,2,09:00,22:30
212,3,09:00,22:30
212,4,09:00,22:30
212,5,09:00,22:30
212,6,09:00,22:30
213,0,09:30,22:00
213,1,09:30,22:00
213,2,09:30,22:00
213,3,09:30,22:00
213,4,09:30,22:00
213,5,09:30,22:00
213,6,09:30,22:00
214,0,06:00,23:59
214,1,06:00,23:59
214,2,06:00,23:59
214,3,06:00,23:59
214,4,06:00,23:59
214,5,06:00,23:59
214,6,06:00,23:59
215,0,08:00,22:00
215,1,08:00,22:00
215,2,08:00,22:00
215,3,08:00,22:00
215,4,08:00,22:00
215,5,08:00,22:00
215,6,08:00,22:00
216,0,06:30,22:00
216,1,08:01,22:00
216,2,06:31,22:00
216,3,08:02,22:00
216,4,06:32,22:00
216,5,08:03,22:00
216,6,06:33,22:00
217,0,07:00,22:30
217,1,07:00,22:30
217,2,07:00,22:30
217,3,07:00,22:30
217,4,07:00,22:30
217,5,07:00,22:30
217,6,07:00,22:30
218,0,07:00,23:00
218,1,07:00,23:00
218,2,07:00,23:00
218,3,07:00,23:00
218,4,07:00,23:00
218,5,07:00,23:00
218,6,07:00,23:00
219,0,07:00,22:00
219,1,07:00,22:00
219,2,07:00,22:00
219,3,07:00,22:00
219,4,07:00,22:00
219,5,07:00,22:00
219,6,07:00,22:00
220,0,08:00,22:00
220,1,08:00,22:00
220,2,08:00,22:00
220,3,08:00,22:00
220,4,08:00,22:00
220,5,08:00,22:00
220,6,08:00,22:00
221,0,07:30,22:00
221,1,07:30,22:00
221,2,07:30,22:00
221,3,07:30,22:00
221,4,07:30,22:00
221,5,07:30,22:00
221,6,07:30,22:00
222,0,00:00,23:59
222,1,00:00,23:59
222,2,00:00,23:59
222,3,00:00,23:59
222,4,00:00,23:59
222,5,00:00,23:59
222,6,00:00,23:59
223,0,00:00,23:59
223,1,00:00,23:59
223,2,00:00,23:59
223,3,00:00,23:59
223,4,00:00,23:59
223,5,00:00,23:59
223,6,00:00,23:59
224,0,00:00,00:00
224,1,21:00,05:00
224,2,21:00,05:00
224,3,21:00,05:00
224,4,21:00,05:00
224,5,21:00,05:00
224,6,21:00,05:00
225,0,07:00,02:00
225,1,07:00,02:00
225,2,07:00,02:00
225,3,07:00,02:00
225,4,07:00,02:00
225,5,07:00,02:00
225,6,07:00,02:00
226,0,19:00,02:00
226,1,00:00,00:00
226,2,19:00,02:00
226,3,19:00,02:00
226,4,19:00,02:00
226,5,19:00,02:00
226,6,19:00,02:00
227,0,17:30,02:30
227,1,00:00,00:00
227,2,17:30,02:30
227,3,17:30,02:30
227,4,17:30,02:30
227,5,17:30,02:30
227,6,17:30,02:30
228,0,00:00,23:59
228,1,00:00,23:59
228,2,00:00,23:59
228,3,00:00,23:59
228,4,00:00,23:59
228,5,00:00,23:59
228,6,00:00,23:59
229,0,08:00,16:30
229,1,08:00,16:30
229,2,08:00,16:30
229,3,08:00,16:30
229,4,08:00,16:30
229,5,00:00,00:00
229,6,00:00,00:00
230,0,09:00,19:00
230,1,09:00,19:00
230,2,09:00,19:00
230,3,09:00,19:00
230,4,09:00,19:00
230,5,09:00,16:30
230,6,09:00,16:30
231,0,04:30,22:30
231,1,04:30,22:30
231,2,04:30,22:30
231,3,04:30,22:30
231,4,04:30,22:30
231,5,04:30,22:30
231,6,04:30,22:30
232,0,00:00,23:59
232,1,00:00,23:59
232,2,00:00,23:59
232,3,00:00,23:59
232,4,00:00,23:59
232,5,00:00,23:59
232,6,00:00,23:59
233,0,00:00,23:59
233,1,00:00,23:59
233,2,00:00,23:59
233,3,00:00,23:59
233,4,00:00,23:59
233,5,00:00,23:59
233,6,00:00,23:59
234,0,00:00,23:59
234,1,00:00,23:59
234,2,00:00,23:59
234,3,00:00,23:59
234,4,00:00,23:59
234,5,00:00,23:59
234,6,00:00,23:59
235,0,09:00,21:00
235,1,09:00,21:00
235,2,09:00,21:00
235,3,09:00,21:00
235,4,09:00,21:00
235,5,09:00,21:00
235,6,09:00,21:00
236,0,04:15,19:45
236,1,04:15,19:45
236,2,04:15,19:45
236,3,04:15,19:45
236,4,04:15,19:45
236,5,04:15,19:45
236,6,04:15,19:45
237,0,09:00,19:00
237,1,09:00,19:00
237,2,09:00,19:00
237,3,09:00,19:00
237,4,09:00,19:00
237,5,09:00,19:00
237,6,09:00,19:00
238,0,10:30,23:00
238,1,10:30,23:00
238,2,10:30,23:00
238,3,10:30,23:00
238,4,10:30,23:00
238,5,10:30,23:00
238,6,10:30,23:00
239,0,06:00,23:30
239,1,06:00,23:30
239,2,06:00,23:30
239,3,06:00,23:30
239,4,06:00,23:30
239,5,06:00,23:30
239,6,06:00,23:30
240,0,00:00,23:59
240,1,00:00,23:59
240,2,00:00,23:59
240,3,00:00,23:59
240,4,00:00,23:59
240,5,00:00,23:59
240,6,00:00,23:59
241,0,09:00,21:00
241,1,09:00,21:00
241,2,09:00,21:00
241,3,09:00,21:00
241,4,09:00,21:00
241,5,09:00,21:00
241,6,09:00,21:00
242,0,00:00,23:59
242,1,00:00,23:59
242,2,00:00,23:59
242,3,00:00,23:59
242,4,00:00,23:59
242,5,00:00,23:59
242,6,00:00,23:59
243,0,17:00,01:00
243,1,17:00,01:00
243,2,17:00,01:00
243,3,17:00,01:00
243,4,17:00,01:00
243,5,17:00,01:00
243,6,17:00,01:00
244,0,18:00,02:00
244,1,18:00,02:00
244,2,18:00,02:00
244,3,18:00,02:00
244,4,18:00,02:00
244,5,18:00,02:00
244,6,18:00,02:00
245,0,18:00,02:00
245,1,18:00,02:00
245,2,18:00,02:00
245,3,18:00,02:00
245,4,18:00,02:00
245,5,18:00,02:00
245,6,18:00,02:00
246,0,18:00,01:00
246,1,18:00,01:00
246,2,18:00,01:00
246,3,18:00,01:00
246,4,18:00,01:00
246,5,18:00,01:00
246,6,18:00,01:00
247,0,09:30,21:30
247,1,09:30,21:30
247,2,09:30,21:30
247,3,09:30,21:30
247,4,09:30,21:30
247,5,09:30,21:30
247,6,09:30,21:30
248,0,17:30,01:00
248,1,17:30,01:30
248,2,17:30,01:30
248,3,17:30,01:30
248,4,17:30,02:00
248,5,17:30,02:00
248,6,17:30,01:00
249,0,06:00,21:30
249,1,06:00,21:30
249,2,06:00,21:30
249,3,06:00,21:30
249,4,06:00,21:30
249,5,06:00,21:30
249,6,06:00,21:30
250,0,10:00,23:00
250,1,10:00,23:00
250,2,10:00,23:00
250,3,10:00,23:00
250,4,10:00,23:00
250,5,10:00,23:00
250,6,10:00,23:00
251,0,06:30,20:30
251,1,06:30,20:30
251,2,06:30,20:30
251,3,06:30,20:30
251,4,06:30,20:30
251,5,06:30,20:30
251,6,06:30,20:30
252,0,15:00,03:00
252,1,15:00,03:00
252,2,15:00,03:00
252,3,15:00,03:00
252,4,15:00,03:00
252,5,15:00,03:00
252,6,15:00,03:00
253,0,07:00,22:00
253,1,07:00,22:00
253,2,07:00,22:00
253,3,07:00,22:00
253,4,07:00,22:00
253,5,07:00,22:00
253,6,07:00,22:00
254,0,00:00,23:59
254,1,00:00,23:59
254,2,00:00,23:59
254,3,00:00,23:59
254,4,00:00,23:59
254,5,00:00,23:59
254,6,00:00,23:59
255,0,15:00,23:30
255,1,15:00,23:30
255,2,15:00,23:30
255,3,15:00,23:30
255,4,15:00,23:30
255,5,15:00,23:30
255,6,15:00,23:30
256,0,09:00,22:30
256,1,09:00,22:30
256,2,09:00,22:30
256,3,09:00,22:30
256,4,09:00,22:30
256,5,09:00,22:30
256,6,09:00,22:30
257,0,00:00,23:59
257,1,00:00,23:59
257,2,00:00,23:59
257,3,00:00,23:59
257,4,00:00,23:59
257,5,00:00,23:59
257,6,00:00,23:59
258,0,15:00,23:00
258,1,15:00,23:00
258,2,15:00,23:00
258,3,15:00,23:00
258,4,15:00,23:00
258,5,15:00,23:00
258,6,15:00,23:00
259,0,16:00,22:30
259,1,16:00,22:30
259,2,16:00,22:30
259,3,16:00,22:30
259,4,16:00,22:30
259,5,16:00,22:30
259,6,16:00,22:30
260,0,18:00,23:59
260,1,18:00,23:59
260,2,18:00,23:59
260,3,18:00,23:59
260,4,18:00,23:59
260,5,18:00,23:59
260,6,18:00,23:59
261,0,17:30,23:59
261,1,17:30,23:59
261,2,17:30,23:59
261,3,17:30,23:59
261,4,17:30,23:59
261,5,17:30,23:59
261,6,17:30,23:59
262,0,16:30,23:30
262,1,16:30,23:30
262,2,16:30,23:30
262,3,16:30,23:30
262,4,16:30,23:30
262,5,16:30,23:30
262,6,16:30,23:30
263,0,16:00,22:00
263,1,16:00,22:00
263,2,16:00,22:00
263,3,16:00,22:00
263,4,16:00,22:00
263,5,16:00,22:00
263,6,16:00,22:00
264,0,07:00,22:00
264,1,07:00,22:00
264,2,07:00,22:00
264,3,07:00,22:00
264,4,07:00,22:00
264,5,07:00,22:00
264,6,07:00,22:00
265,0,14:00,22:30
265,1,14:00,22:30
265,2,14:00,22:30
265,3,14:00,22:30
265,4,14:00,22:30
265,5,14:00,22:30
265,6,14:00,22:30
266,0,06:00,11:00
266,1,06:00,11:00
266,2,06:00,11:00
266,3,06:00,11:00
266,4,06:00,11:00
266,5,06:00,11:00
266,6,06:00,11:00
267,0,20:30,02:00
267,1,20:30,02:00
267,2,20:30,02:00
267,3,20:30,02:00
267,4,20:30,02:00
267,5,20:30,02:00
267,6,20:30,02:00
268,0,07:00,22:00
268,1,07:00,22:00
268,2,07:00,22:00
268,3,07:00,22:00
268,4,07:00,22:00
268,5,07:00,22:00
268,6,07:00,22:00
269,0,06:00,12:45
269,1,06:00,13:00
269,2,06:00,13:00
269,3,06:00,13:00
269,4,06:00,13:00
269,5,00:00,00:00
269,6,00:00,00:00
270,0,07:00,22:00
270,1,07:00,22:00
270,2,07:00,22:00
270,3,07:00,22:00
270,4,07:00,22:00
270,5,07:00,22:00
270,6,07:00,22:00
271,0,11:00,22:00
271,1,11:00,22:00
271,2,11:00,22:00
271,3,11:00,22:00
271,4,11:00,22:00
271,5,11:00,22:00
271,6,11:00,22:00
272,0,00:00,23:59
272,1,00:00,23:59
272,2,00:00,23:59
272,3,00:00,23:59
272,4,00:00,23:59
272,5,00:00,23:59
272,6,00:00,23:59
273,0,00:00,23:59
273,1,00:00,23:59
273,2,00:00,23:59
273,3,00:00,23:59
273,4,00:00,23:59
273,5,00:00,23:59
273,6,00:00,23:59
274,0,07:00,20:00
274,1,07:00,20:00
274,2,07:00,20:00
274,3,07:00,20:00
274,4,07:00,20:00
274,5,07:00,20:00
274,6,07:00,20:00
275,0,09:30,22:00
275,1,09:30,22:00
275,2,09:30,22:00
275,3,09:30,22:00
275,4,09:30,22:00
275,5,09:30,22:00
275,6,09:30,22:00
276,0,00:00,23:59
276,1,00:00,23:59
276,2,00:00,23:59
276,3,00:00,23:59
276,4,00:00,23:59
276,5,00:00,23:59
276,6,00:00,23:59
277,0,07:00,22:00
277,1,07:00,22:00
277,2,07:00,22:00
277,3,07:00,22:00
277,4,07:00,22:00
277,5,07:00,22:00
277,6,07:00,22:00
278,0,06:00,15:00
278,1,06:00,15:00
278,2,06:00,15:00
278,3,06:00,15:00
278,4,06:00,15:00
278,5,06:00,15:00
278,6,06:00,15:00
279,0,00:00,23:59
279,1,00:00,23:59
279,2,00:00,23:59
279,3,00:00,23:59
279,4,00:00,23:59
279,5,00:00,23:59
279,6,00:00,23:59
280,0,06:30,15:00
280,1,06:30,15:00
280,2,06:30,15:00
280,3,06:30,15:00
280,4,06:30,15:00
280,5,06:30,15:00
280,6,06:30,15:00
281,0,18:30,21:00
281,1,18:30,21:00
281,2,18:30,21:00
281,3,18:30,21:00
281,4,18:30,21:00
281,5,18:30,21:00
281,6,00:00,00:00
282,0,18:00,23:59
282,1,18:00,23:59
282,2,18:00,23:59
282,3,18:00,23:59
282,4,18:00,23:59
282,5,18:00,23:59
282,6,18:00,23:59
283,0,00:00,23:59
283,1,00:00,23:59
283,2,00:00,23:59
283,3,00:00,23:59
283,4,00:00,23:59
283,5,00:00,23:59
283,6,00:00,23:59
284,0,18:00,23:59
284,1,18:00,23:59
284,2,18:00,23:59
284,3,18:00,23:59
284,4,18:00,23:59
284,5,18:00,23:59
284,6,18:00,23:59
285,0,08:00,21:00
285,1,08:00,21:00
285,2,08:00,21:00
285,3,08:00,21:00
285,4,08:00,21:00
285,5,08:00,21:00
285,6,08:00,21:00
286,0,14:00,21:00
286,1,14:00,21:00
286,2,14:00,21:00
286,3,14:00,21:00
286,4,14:00,21:00
286,5,14:00,21:00
286,6,14:00,21:00
287,0,09:00,23:00
287,1,09:00,23:00
287,2,09:00,23:00
287,3,09:00,23:00
287,4,09:00,23:00
287,5,09:00,23:00
287,6,09:00,23:00
288,0,07:00,17:00
288,1,07:00,17:00
288,2,07:00,17:00
288,3,07:00,17:00
288,4,07:00,17:00
288,5,07:00,17:00
288,6,07:00,17:00
289,0,00:00,00:00
289,1,00:00,00:00
289,2,17:00,21:00
289,3,17:00,21:00
289,4,17:00,21:00
289,5,17:00,21:00
289,6,16:00,22:00
290,0,06:30,09:30
290,1,06:30,09:30
290,2,06:30,09:30
290,3,06:30,09:30
290,4,06:30,09:30
290,5,06:30,09:30
290,6,06:30,09:30
291,0,06:00,09:30
291,1,06:00,09:30
291,2,06:00,09:30
291,3,06:00,09:30
291,4,06:00,09:30
291,5,06:00,09:30
291,6,00:00,00:00
292,0,06:30,11:00
292,1,06:30,11:00
292,2,06:30,11:00
292,3,06:30,11:00
292,4,06:30,11:00
292,5,06:30,11:00
292,6,06:30,11:00
293,0,15:30,23:00
293,1,15:30,23:00
293,2,15:30,23:00
293,3,15:30,23:00
293,4,15:30,23:00
293,5,15:30,23:00
293,6,15:30,23:00
294,0,00:00,23:59
294,1,00:00,23:59
294,2,00:00,23:59
294,3,00:00,23:59
294,4,00:00,23:59
294,5,00:00,23:59
294,6,00:00,23:59
295,0,08:00,20:00
295,1,08:00,20:00
295,2,08:00,20:00
295,3,08:00,20:00
295,4,08:00,20:00
295,5,08:00,20:00
295,6,08:00,20:00
296,0,06:00,20:30
296,1,06:00,20:30
296,2,06:00,20:30
296,3,06:00,20:30
296,4,06:00,20:30
296,5,06:00,20:30
296,6,06:00,20:30
297,0,06:00,20:30
297,1,06:00,20:30
297,2,06:00,20:30
297,3,06:00,20:30
297,4,06:00,20:30
297,5,06:00,20:30
297,6,06:00,20:30
298,0,14:30,21:00
298,1,14:30,21:00
298,2,14:30,21:00
298,3,14:30,21:00
298,4,14:30,21:00
298,5,14:30,21:00
298,6,14:30,21:00
299,0,05:30,23:30
299,1,05:30,23:30
299,2,05:30,23:30
299,3,05:30,23:30
299,4,05:30,23:30
299,5,05:30,23:30
299,6,05:30,23:30
300,0,07:00,21:00
300,1,07:00,21:00
300,2,07:00,21:00
300,3,07:00,21:00
300,4,07:00,21:00
300,5,07:00,21:00
<<<<<<< HEAD
300,6,07:00,23:59
=======
300,6,07:00,23:59
301,0,10:00,03:00
301,1,10:00,03:00
301,2,10:00,03:00
301,3,10:00,03:00
301,4,10:00,03:00
301,5,10:00,03:00
301,6,10:00,03:00
302,0,11:00,00:00
302,1,11:00,00:00
302,2,11:00,00:00
302,3,11:00,00:00
302,4,11:00,00:00
302,5,11:00,00:00
302,6,11:00,00:00
303,0,08:00,04:00
303,1,08:00,04:00
303,2,08:00,04:00
303,3,08:00,04:00
303,4,08:00,04:00
303,5,08:00,04:00
303,6,08:00,04:00
304,0,00:00,23:59
304,1,00:00,23:59
304,2,00:00,23:59
304,3,00:00,23:59
304,4,00:00,23:59
304,5,00:00,23:59
304,6,00:00,23:59
305,0,07:00,17:00
305,1,07:00,17:00
305,2,07:00,17:00
305,3,07:00,17:00
305,4,07:00,17:00
305,5,07:00,17:00
305,6,07:00,17:00
306,0,00:00,00:00
306,1,00:00,00:00
306,2,00:00,00:00
306,3,00:00,00:00
306,4,00:00,00:00
306,5,00:00,00:00
306,6,00:00,00:00
307,0,00:00,00:00
307,1,00:00,00:00
307,2,00:00,00:00
307,3,00:00,00:00
307,4,00:00,00:00
307,5,00:00,00:00
307,6,00:00,00:00
308,0,04:00,22:00
308,1,04:00,22:00
308,2,04:00,22:00
308,3,04:00,22:00
308,4,04:00,22:00
308,5,04:00,22:00
308,6,04:00,22:00
309,0,07:30,22:00
309,1,07:30,22:00
309,2,07:30,22:00
309,3,07:30,22:00
309,4,07:30,22:00
309,5,07:30,22:00
309,6,07:30,22:00
310,0,18:00,00:00
310,1,18:00,00:00
310,2,18:00,00:00
310,3,18:00,00:00
310,4,18:00,00:00
310,5,18:00,00:00
310,6,18:00,00:00
311,0,17:00,23:00
311,1,17:00,23:00
311,2,17:00,23:00
311,3,17:00,23:00
311,4,17:00,23:00
311,5,17:00,23:00
311,6,17:00,23:00
312,0,00:00,23:59
312,1,00:00,23:59
312,2,00:00,23:59
312,3,00:00,23:59
312,4,00:00,23:59
312,5,00:00,23:59
312,6,00:00,23:59
313,0,00:00,00:00
313,1,00:00,00:00
313,2,00:00,00:00
313,3,00:00,00:00
313,4,00:00,00:00
313,5,00:00,00:00
313,6,00:00,00:00
314,0,10:00,22:00
314,1,10:00,22:00
314,2,10:00,22:00
314,3,10:00,22:00
314,4,10:00,22:00
314,5,10:00,22:00
314,6,10:00,22:00
315,0,10:00,22:00
315,1,10:00,22:00
315,2,10:00,22:00
315,3,10:00,22:00
315,4,10:00,22:00
315,5,10:00,22:00
315,6,10:00,22:00
316,0,10:00,21:30
316,1,10:00,21:30
316,2,10:00,21:30
316,3,10:00,21:30
316,4,10:00,21:30
316,5,10:00,21:30
316,6,10:00,21:30
317,0,10:00,22:00
317,1,10:00,22:00
317,2,10:00,22:00
317,3,10:00,22:00
317,4,10:00,22:00
317,5,10:00,22:00
317,6,10:00,22:00
318,0,10:00,22:00
318,1,10:00,22:00
318,2,10:00,22:00
318,3,10:00,22:00
318,4,10:00,22:00
318,5,10:00,22:00
318,6,10:00,22:00
319,0,00:00,23:59
319,1,00:00,23:59
319,2,00:00,23:59
319,3,00:00,23:59
319,4,00:00,23:59
319,5,00:00,23:59
319,6,00:00,23:59
320,0,00:00,23:59
320,1,00:00,23:59
320,2,00:00,23:59
320,3,00:00,23:59
320,4,00:00,23:59
320,5,00:00,23:59
320,6,00:00,23:59
321,0,00:00,23:59
321,1,00:00,23:59
321,2,00:00,23:59
321,3,00:00,23:59
321,4,00:00,23:59
321,5,00:00,23:59
321,6,00:00,23:59
322,0,00:00,00:00
322,1,00:00,00:00
322,2,00:00,00:00
322,3,00:00,00:00
322,4,00:00,00:00
322,5,00:00,00:00
322,6,00:00,00:00
323,0,07:30,21:30
323,1,07:30,21:30
323,2,07:30,21:30
323,3,07:30,21:30
323,4,07:30,21:30
323,5,07:30,21:30
323,6,07:30,21:30
324,0,06:00,22:00
324,1,06:00,22:01
324,2,06:00,22:02
324,3,06:00,22:03
324,4,06:00,22:04
324,5,06:00,22:05
324,6,06:00,22:06
325,0,06:30,19:30
325,1,06:30,19:30
325,2,06:30,19:30
325,3,06:30,19:30
325,4,06:30,19:30
325,5,06:30,19:30
325,6,06:30,19:30
326,0,04:30,23:00
326,1,04:30,23:00
326,2,04:30,23:00
326,3,04:30,23:00
326,4,04:30,23:00
326,5,04:30,23:00
326,6,04:30,23:00
327,0,00:00,21:00
327,1,06:00,21:00
327,2,06:00,21:00
327,3,06:00,21:00
327,4,06:00,21:00
327,5,06:00,21:00
327,6,06:00,21:00
328,0,05:30,18:00
328,1,05:30,18:00
328,2,05:30,18:00
328,3,05:30,18:00
328,4,05:30,18:00
328,5,05:30,18:00
328,6,05:30,18:00
329,0,09:00,17:00
329,1,09:00,17:00
329,2,09:00,17:00
329,3,09:00,17:00
329,4,09:00,17:00
329,5,09:00,17:00
329,6,09:00,17:00
330,0,09:00,21:00
330,1,09:00,21:00
330,2,09:00,21:00
330,3,09:00,21:00
330,4,09:00,21:00
330,5,09:00,21:00
330,6,09:00,21:00
331,0,07:00,22:00
331,1,07:00,22:00
331,2,07:00,22:00
331,3,07:00,22:00
331,4,07:00,22:00
331,5,07:00,22:00
331,6,07:00,22:00
332,0,11:00,23:00
332,1,11:00,23:00
332,2,11:00,23:00
332,3,11:00,23:00
332,4,11:00,23:00
332,5,11:00,23:00
332,6,11:00,23:00
333,0,09:00,22:00
333,1,09:00,22:00
333,2,09:00,22:00
333,3,09:00,22:00
333,4,09:00,22:00
333,5,09:00,22:00
333,6,09:00,22:00
334,0,06:00,21:00
334,1,06:00,21:00
334,2,06:00,21:00
334,3,06:00,21:00
334,4,06:00,21:00
334,5,06:00,21:00
334,6,06:00,21:00
335,0,00:00,23:59
335,1,00:00,23:59
335,2,00:00,23:59
335,3,00:00,23:59
335,4,00:00,23:59
335,5,00:00,23:59
335,6,00:00,23:59
336,0,07:00,21:00
336,1,07:00,21:00
336,2,07:00,21:00
336,3,07:00,21:00
336,4,07:00,21:00
336,5,07:00,21:00
336,6,07:00,21:00
337,0,06:00,20:30
337,1,06:00,20:30
337,2,06:00,20:30
337,3,06:00,20:30
337,4,06:00,20:30
337,5,06:00,20:30
337,6,06:00,20:30
338,0,06:00,10:00
338,1,06:00,10:00
338,2,06:00,10:00
338,3,06:00,10:00
338,4,06:00,10:00
338,5,06:00,10:00
338,6,06:00,10:00
339,0,05:00,10:00
339,1,05:00,10:00
339,2,05:00,10:00
339,3,05:00,10:00
339,4,05:00,10:00
339,5,05:00,10:00
339,6,05:00,10:00
340,0,05:30,22:00
340,1,05:30,22:00
340,2,05:30,22:00
340,3,05:30,22:00
340,4,05:30,22:00
340,5,05:30,22:00
340,6,05:30,22:00
341,0,10:00,20:00
341,1,10:00,20:00
341,2,10:00,20:00
341,3,10:00,20:00
341,4,10:00,20:00
341,5,10:00,20:00
341,6,10:00,20:00
342,0,00:00,23:59
342,1,00:00,23:59
342,2,00:00,23:59
342,3,00:00,23:59
342,4,00:00,23:59
342,5,00:00,23:59
342,6,00:00,23:59
343,0,09:00,23:00
343,1,09:00,23:00
343,2,09:00,23:00
343,3,09:00,23:00
343,4,09:00,23:00
343,5,09:00,23:00
343,6,09:00,23:00
344,0,07:00,23:00
344,1,07:00,23:00
344,2,07:00,23:00
344,3,07:00,23:00
344,4,07:00,23:00
344,5,07:00,23:00
344,6,07:00,23:00
345,0,00:00,00:00
345,1,00:00,00:00
345,2,00:00,00:00
345,3,00:00,00:00
345,4,00:00,00:00
345,5,00:00,00:00
345,6,00:00,00:00
346,0,15:00,21:00
346,1,15:00,21:00
346,2,15:00,21:00
346,3,15:00,21:00
346,4,15:00,21:00
346,5,15:00,21:00
346,6,15:00,21:00
347,0,00:00,23:59
347,1,00:00,23:59
347,2,00:00,23:59
347,3,00:00,23:59
347,4,00:00,23:59
347,5,00:00,23:59
347,6,00:00,23:59
348,0,12:00,22:30
348,1,12:00,22:30
348,2,12:00,22:30
348,3,12:00,22:30
348,4,12:00,22:30
348,5,12:00,22:30
348,6,12:00,22:30
349,0,00:00,00:00
349,1,00:00,00:00
349,2,00:00,00:00
349,3,00:00,00:00
349,4,00:00,00:00
349,5,00:00,00:00
349,6,00:00,00:00
350,0,00:00,00:00
350,1,00:00,00:00
350,2,00:00,00:00
350,3,00:00,00:00
350,4,00:00,00:00
350,5,00:00,00:00
350,6,00:00,00:00
351,0,08:00,17:00
351,1,08:00,17:00
351,2,08:00,17:00
351,3,08:00,17:00
351,4,08:00,17:00
351,5,08:00,17:00
351,6,08:00,17:00
352,0,08:00,18:00
352,1,00:00,23:59
352,2,08:00,18:00
352,3,08:00,18:00
352,4,08:00,18:00
352,5,08:00,18:00
352,6,08:00,18:00
353,0,10:00,22:00
353,1,10:00,22:00
353,2,10:00,22:00
353,3,10:00,22:00
353,4,10:00,22:00
353,5,09:00,22:00
353,6,09:00,22:00
354,0,06:00,23:00
354,1,06:00,23:00
354,2,06:00,23:00
354,3,06:00,23:00
354,4,06:00,23:00
354,5,06:00,23:00
354,6,06:00,23:00
355,0,08:30,17:30
355,1,08:30,17:30
355,2,08:30,17:30
355,3,08:30,17:30
355,4,08:30,17:30
355,5,08:30,17:30
355,6,08:30,17:30
356,0,09:30,22:00
356,1,09:30,22:00
356,2,09:30,22:00
356,3,09:30,22:00
356,4,09:30,22:00
356,5,09:00,22:00
356,6,09:00,22:00
357,0,10:00,22:00
357,1,10:00,22:00
357,2,10:00,22:00
357,3,10:00,22:00
357,4,10:00,22:00
357,5,10:00,22:00
357,6,10:00,22:00
358,0,10:00,22:00
358,1,10:00,22:00
358,2,10:00,22:00
358,3,10:00,22:00
358,4,10:00,22:00
358,5,09:30,22:00
358,6,09:30,22:00
359,0,10:00,22:00
359,1,10:00,22:00
359,2,10:00,22:00
359,3,10:00,22:00
359,4,10:00,22:00
359,5,09:30,22:00
359,6,09:30,22:00
360,0,10:00,22:00
360,1,10:00,22:00
360,2,10:00,22:00
360,3,10:00,22:00
360,4,10:00,22:00
360,5,09:30,22:00
360,6,09:30,22:00
361,0,09:30,22:00
361,1,09:30,22:00
361,2,09:30,22:00
361,3,09:30,22:00
361,4,09:30,22:00
361,5,09:30,22:00
361,6,09:30,22:00
362,0,10:00,22:00
362,1,10:00,22:00
362,2,10:00,22:00
362,3,10:00,22:00
362,4,10:00,22:00
362,5,10:00,22:00
362,6,10:00,22:00
363,0,00:00,00:00
363,1,00:00,00:00
363,2,00:00,00:00
363,3,00:00,00:00
363,4,00:00,00:00
363,5,00:00,00:00
363,6,00:00,00:00
364,0,00:00,00:00
364,1,00:00,00:00
364,2,00:00,00:00
364,3,00:00,00:00
364,4,00:00,00:00
364,5,00:00,00:00
364,6,00:00,00:00
365,0,00:00,00:00
365,1,00:00,00:00
365,2,00:00,00:00
365,3,00:00,00:00
365,4,00:00,00:00
365,5,00:00,00:00
365,6,00:00,00:00
366,0,00:00,00:00
366,1,00:00,00:00
366,2,00:00,00:00
366,3,00:00,00:00
366,4,00:00,00:00
366,5,00:00,00:00
366,6,00:00,00:00
367,0,00:00,00:00
367,1,00:00,00:00
367,2,00:00,00:00
367,3,00:00,00:00
367,4,00:00,00:00
367,5,00:00,00:00
367,6,00:00,00:00
368,0,00:00,00:00
368,1,00:00,00:00
368,2,00:00,00:00
368,3,00:00,00:00
368,4,00:00,00:00
368,5,00:00,00:00
368,6,00:00,00:00
369,0,00:00,00:00
369,1,00:00,00:00
369,2,00:00,00:00
369,3,00:00,00:00
369,4,00:00,00:00
369,5,00:00,00:00
369,6,00:00,00:00
370,0,00:00,00:00
370,1,00:00,00:00
370,2,00:00,00:00
370,3,00:00,00:00
370,4,00:00,00:00
370,5,00:00,00:00
370,6,00:00,00:00
371,0,07:30,17:30
371,1,07:30,17:30
371,2,07:30,17:30
371,3,07:30,17:30
371,4,07:30,17:30
371,5,07:30,17:30
371,6,07:30,17:30
372,0,00:00,00:00
372,1,00:00,00:00
372,2,00:00,00:00
372,3,00:00,00:00
372,4,00:00,00:00
372,5,00:00,00:00
372,6,00:00,00:00
373,0,10:00,21:30
373,1,10:00,21:30
373,2,10:00,21:30
373,3,10:00,21:30
373,4,10:00,21:30
373,5,10:00,21:30
373,6,10:00,21:30
374,0,10:00,22:00
374,1,10:00,22:00
374,2,10:00,22:00
374,3,10:00,22:00
374,4,10:00,22:00
374,5,10:00,22:00
374,6,10:00,22:00
375,0,10:00,22:00
375,1,10:00,22:00
375,2,10:00,22:00
375,3,10:00,22:00
375,4,10:00,22:00
375,5,10:00,22:00
375,6,10:00,22:00
376,0,10:30,22:00
376,1,10:30,22:00
376,2,10:30,22:00
376,3,10:30,22:00
376,4,10:30,22:00
376,5,10:30,22:00
376,6,10:30,22:00
377,0,10:30,22:00
377,1,10:30,22:00
377,2,10:30,22:00
377,3,10:30,22:00
377,4,10:30,22:00
377,5,10:30,22:00
377,6,10:30,22:00
378,0,11:00,22:00
378,1,11:00,22:00
378,2,11:00,22:00
378,3,11:00,22:00
378,4,11:00,22:00
378,5,11:00,22:00
378,6,11:00,22:00
379,0,11:00,22:00
379,1,11:00,22:00
379,2,11:00,22:00
379,3,11:00,22:00
379,4,11:00,22:00
379,5,11:00,22:00
379,6,11:00,22:00
380,0,10:00,22:00
380,1,10:00,22:00
380,2,10:00,22:00
380,3,10:00,22:00
380,4,10:00,22:00
380,5,10:00,22:00
380,6,10:00,22:00
381,0,10:00,22:00
381,1,10:00,22:00
381,2,10:00,22:00
381,3,10:00,22:00
381,4,10:00,22:00
381,5,10:00,22:00
381,6,10:00,22:00
382,0,10:00,22:00
382,1,10:00,22:00
382,2,10:00,22:00
382,3,10:00,22:00
382,4,10:00,22:00
382,5,10:00,22:00
382,6,10:00,22:00
383,0,00:00,00:00
383,1,00:00,00:00
383,2,00:00,00:00
383,3,00:00,00:00
383,4,00:00,00:00
383,5,00:00,00:00
383,6,00:00,00:00
384,0,08:00,23:59
384,1,08:00,23:59
384,2,08:00,23:59
384,3,08:00,23:59
384,4,08:00,23:59
384,5,08:00,23:59
384,6,08:00,23:59
385,0,16:00,23:00
385,1,16:00,23:00
385,2,16:00,23:00
385,3,16:00,23:00
385,4,16:00,23:00
385,5,16:00,23:00
385,6,16:00,23:00
386,0,09:00,22:00
386,1,09:00,22:00
386,2,09:00,22:00
386,3,09:00,22:00
386,4,09:00,22:00
386,5,09:00,22:00
386,6,09:00,22:00
387,0,07:00,22:30
387,1,07:00,22:30
387,2,07:00,22:30
387,3,07:00,22:30
387,4,07:00,22:30
387,5,07:00,22:30
387,6,07:00,22:30
388,0,07:00,22:30
388,1,07:00,22:30
388,2,07:00,22:30
388,3,07:00,22:30
388,4,07:00,22:30
388,5,07:00,22:30
388,6,07:00,22:30
389,0,07:00,22:00
389,1,07:00,22:00
389,2,07:00,22:00
389,3,07:00,22:00
389,4,07:00,22:00
389,5,07:00,22:00
389,6,07:00,22:00
390,0,07:00,23:00
390,1,07:00,23:00
390,2,07:00,23:00
390,3,07:00,23:00
390,4,07:00,23:00
390,5,07:00,23:00
390,6,07:00,23:00
391,0,11:30,23:30
391,1,11:30,23:30
391,2,11:30,23:30
391,3,11:30,23:30
391,4,11:30,23:30
391,5,11:30,23:30
391,6,11:30,23:30
392,0,00:00,23:59
392,1,00:00,23:59
392,2,00:00,23:59
392,3,15:00,22:00
392,4,15:00,22:30
392,5,07:00,23:59
392,6,07:00,23:00
393,0,07:00,22:00
393,1,07:00,22:00
393,2,07:00,22:00
393,3,07:00,22:00
393,4,07:00,22:00
393,5,07:00,22:00
393,6,07:00,22:00
394,0,06:00,22:30
394,1,06:00,22:30
394,2,06:00,22:30
394,3,06:00,22:30
394,4,06:00,22:30
394,5,06:00,22:30
394,6,06:00,22:30
395,0,00:00,23:59
395,1,00:00,23:59
395,2,00:00,23:59
395,3,00:00,23:59
395,4,05:00,22:30
395,5,05:00,22:30
395,6,05:00,22:30
396,0,07:00,22:00
396,1,07:00,22:00
396,2,07:00,22:00
396,3,07:00,22:00
396,4,07:00,22:00
396,5,07:00,22:30
396,6,07:00,22:30
397,0,11:00,23:00
397,1,11:00,23:00
397,2,11:00,23:00
397,3,11:00,23:00
397,4,11:00,23:00
397,5,11:00,23:00
397,6,11:00,23:00
398,0,10:00,22:00
398,1,10:00,22:00
398,2,10:00,22:00
398,3,10:00,22:00
398,4,10:00,22:00
398,5,10:00,22:00
398,6,10:00,22:00
399,0,06:00,17:00
399,1,06:00,19:00
399,2,06:00,19:00
399,3,06:00,19:00
399,4,06:00,19:00
399,5,06:00,19:00
399,6,06:00,17:00
400,0,06:00,21:00
400,1,06:00,21:00
400,2,06:00,21:00
400,3,06:00,21:00
400,4,06:00,21:00
400,5,06:00,21:00
400,6,06:00,21:00
>>>>>>> 2cdf91d157d7adf46d06149742c86f55cbbb14e7
